{"cameraMode":{"drawMode":0,"name":"Shaded","section":"Shading Mode"},"sceneLighting":false,"audioPlay":false,"sceneViewState":{"m_AlwaysRefresh":false,"showFog":true,"showSkybox":false,"showFlares":true,"showImageEffects":true,"showParticleSystems":true,"showVisualEffectGraphs":true,"m_FxEnabled":true},"in2DMode":false,"pivot":{"x":-0.07209160923957825,"y":0.4100051522254944,"z":-0.08438330143690109},"rotation":{"x":-0.003320161486044526,"y":-0.8329249024391174,"z":-0.004997616168111563,"w":0.5533549785614014},"size":0.4074658453464508,"orthographic":false}